
Daycarem,Sushi,sushi_daycare9m@icloud.com
Bleaker,Gateau,bleaker.gateau_5e@icloud.com
Premise,Abuzz,abuzz_premise.9x@icloud.com
Hennas,Posh,hennas_posh_2c@icloud.com
Tinsels,Snicks,tinsels_snicks.8j@icloud.com
Intern,Sass,intern.sass.7j@icloud.com
Speller,Rupees,rupees-speller-7p@icloud.com
Wedge,Modal,wedge.modal_1d@icloud.com
Cesium,Live,live-cesium54@icloud.com
Talks,Daffy,talks_daffy_8j@icloud.com
